Meat type,land use m2/g protein
Beef/Mutton,1.024301413
Pork,0.129944775
Poultry,0.075101513
Wheat,0.035401875
Rice,0.022884615